week,date,seed,controller,sum_q_kW,revenue_usd,rt_cost_usd,penalty_usd,degradation_usd,profit_usd,shortfall_kWh_total,max_T_j,T_viol_K,mpc_switches,infeasible_starts,market_value_usd
mild,2024-04-01,0,B1,0.0,0.0,99.52031645657536,0.0,8.154530616523045,-107.6748470730984,0.0,73.7058912661179,0.0,0,0,0.0
mild,2024-04-01,0,B2,60.17189456657972,1.5175351809691402,99.52031645657536,0.0,8.154530616523045,-106.15731189212927,0.0,73.7058912661179,0.0,0,0,1.5175351809691335
mild,2024-04-01,0,B3,0.0,0.0,99.52031645657536,0.0,8.154530616523045,-107.6748470730984,0.0,73.7058912661179,0.0,0,0,0.0
mild,2024-04-01,0,B4,0.0,0.0,99.52031645657536,0.0,8.154530616523045,-107.6748470730984,0.0,73.7058912661179,0.0,0,0,0.0
mild,2024-04-01,0,B5,950.0,7.651000000000001,0.6990277777777779,0.0,0.0,-1.2672058599695593,0.0,,0.0,0,0,-1.2672058599695593
mild,2024-04-01,0,B6,500.0,10.027,7.5,0.0,0.0,2.5269999999999992,0.0,,0.0,0,0,2.5269999999999992
mild,2024-04-01,1,B1,0.0,0.0,99.78215163258875,0.0,7.711738637143085,-107.49389026973184,0.0,76.22095489156749,0.0,0,0,0.0
mild,2024-04-01,1,B2,60.17189456657972,1.5175351809691402,99.33513171260756,0.0,16.873066787181994,-114.69066331882043,0.0,82.85113887125269,0.0,0,0,-7.196773049088591
mild,2024-04-01,1,B3,0.0,0.0,99.78215163258875,0.0,7.711738637143085,-107.49389026973184,0.0,76.22095489156749,0.0,0,0,0.0
mild,2024-04-01,1,B4,0.0,0.0,99.78215163258875,0.0,7.711738637143085,-107.49389026973184,0.0,76.22095489156749,0.0,0,0,0.0
mild,2024-04-01,1,B5,950.0,7.651000000000001,0.6556944444444445,0.0,0.0,-1.2238725266362254,0.0,,0.0,0,0,-1.2238725266362254
mild,2024-04-01,1,B6,500.0,10.027,7.5,0.0,0.0,2.5269999999999992,0.0,,0.0,0,0,2.5269999999999992
mild,2024-04-01,2,B1,0.0,0.0,101.57836679089104,0.0,17.2780292974488,-118.85639608833984,0.0,76.78583926940338,0.0,0,0,0.0
mild,2024-04-01,2,B2,60.17189456657972,1.5175351809691402,101.57836679089104,0.0,17.2780292974488,-117.3388609073707,0.0,76.78583926940338,0.0,0,0,1.5175351809691335
mild,2024-04-01,2,B3,0.0,0.0,101.57836679089104,0.0,17.2780292974488,-118.85639608833984,0.0,76.78583926940338,0.0,0,0,0.0
mild,2024-04-01,2,B4,0.0,0.0,101.57836679089104,0.0,17.2780292974488,-118.85639608833984,0.0,76.78583926940338,0.0,0,0,0.0
mild,2024-04-01,2,B5,950.0,7.651000000000001,1.3872916666666668,0.0,0.0,-1.955469748858448,0.0,,0.0,0,0,-1.955469748858448
mild,2024-04-01,2,B6,500.0,10.027,0.0,0.0,0.0,10.027,0.0,,0.0,0,0,10.027
mild,2024-04-02,0,B1,0.0,0.0,74.7484824959115,0.0,3.2991778581235516,-78.04766035403506,0.0,74.81700237722902,0.0,0,0,0.0
mild,2024-04-02,0,B2,61.7160408699308,1.0016513433189769,72.51342019340291,0.0,7.990231802805084,-79.50200065288901,0.0,80.86741262649477,0.0,0,0,-1.4543402988539498
mild,2024-04-02,0,B3,16.460805924910456,0.16460805924910457,74.7484824959115,0.0,3.2991778581235516,-77.88305229478595,0.0,74.81700237722902,0.0,0,0,0.1646080592491046
mild,2024-04-02,0,B4,0.0,0.0,74.7484824959115,0.0,3.2991778581235516,-78.04766035403506,0.0,74.81700237722902,0.0,0,0,0.0
mild,2024-04-02,0,B5,1000.0,3.5075000000000003,1.6806944444444445,0.0,0.0,-6.392372526636226,0.0,,0.0,0,0,-6.392372526636226
mild,2024-04-02,0,B6,100.0,1.623,7.5,0.0,0.0,-5.877,0.0,,0.0,0,0,-5.877
mild,2024-04-02,1,B1,0.0,0.0,74.54692384797563,0.0,5.7109589010943855,-80.25788274907002,0.0,76.77651044712306,0.0,0,0,0.0
mild,2024-04-02,1,B2,61.7160408699308,1.0016513433189769,74.54692384797563,0.0,5.7109589010943855,-79.25623140575104,0.0,76.77651044712306,0.0,0,0,1.0016513433189829
mild,2024-04-02,1,B3,16.460805924910456,0.16460805924910457,74.54692384797563,0.0,5.7109589010943855,-80.09327468982092,0.0,76.77651044712306,0.0,0,0,0.1646080592491046
mild,2024-04-02,1,B4,0.0,0.0,74.54692384797563,0.0,5.7109589010943855,-80.25788274907002,0.0,76.77651044712306,0.0,0,0,0.0
mild,2024-04-02,1,B5,1000.0,3.5075000000000003,0.1978472222222222,0.0,0.0,-4.909525304414004,0.0,,0.0,0,0,-4.909525304414004
mild,2024-04-02,1,B6,100.0,1.623,0.0,0.0,0.0,1.623,0.0,,0.0,0,0,1.623
mild,2024-04-02,2,B1,0.0,0.0,76.57789870233677,0.0,6.091365709294463,-82.66926441163123,0.0,76.78583926940338,0.0,0,0,0.0
mild,2024-04-02,2,B2,61.7160408699308,1.0016513433189769,76.57789870233677,0.0,6.091365709294463,-81.66761306831225,0.0,76.78583926940338,0.0,0,0,1.0016513433189829
mild,2024-04-02,2,B3,16.460805924910456,0.16460805924910457,76.57789870233677,0.0,6.091365709294463,-82.50465635238213,0.0,76.78583926940338,0.0,0,0,0.1646080592491046
mild,2024-04-02,2,B4,0.0,0.0,76.57789870233677,0.0,6.091365709294463,-82.66926441163123,0.0,76.78583926940338,0.0,0,0,0.0
mild,2024-04-02,2,B5,1000.0,3.5075000000000003,-0.08069444444444446,0.0,0.0,-4.630983637747336,0.0,,0.0,0,0,-4.630983637747336
mild,2024-04-02,2,B6,100.0,1.623,0.0,0.0,0.0,1.623,0.0,,0.0,0,0,1.623
mild,2024-04-03,0,B1,0.0,0.0,165.29096681424946,0.0,0.0,-165.29096681424946,0.0,69.27276144859184,0.0,0,0,0.0
mild,2024-04-03,0,B2,339.4382247846194,13.988557823578518,165.29096681424946,0.0,0.0,-151.30240899067093,0.0,69.27276144859184,0.0,0,0,13.988557823578532
mild,2024-04-03,0,B3,83.63074895868137,3.1677418045100945,165.29096681424946,0.0,0.0,-162.12322500973937,0.0,69.27276144859184,0.0,0,0,3.1677418045100865
mild,2024-04-03,0,B4,0.0,0.0,165.29096681424946,0.0,0.0,-165.29096681424946,0.0,69.27276144859184,0.0,0,0,0.0
mild,2024-04-03,0,B5,850.0,9.121500000000001,0.5936805555555555,0.0,0.0,0.30864136225266314,0.0,,0.0,0,0,0.30864136225266314
mild,2024-04-03,0,B6,400.0,15.671999999999999,0.0,0.0,0.0,15.671999999999999,0.0,,0.0,0,0,15.671999999999999
mild,2024-04-03,1,B1,0.0,0.0,164.49014454080995,0.0,0.11565301672430195,-164.60579755753426,0.0,70.69391810034581,0.0,0,0,0.0
mild,2024-04-03,1,B2,339.4382247846194,13.988557823578518,162.6466272966257,0.15884962083563559,8.744563989251104,-157.56148308313394,2.4281507312081256,84.66754166797739,0.0,1,0,7.044314474400323
mild,2024-04-03,1,B3,83.63074895868137,3.1677418045100945,164.49014454080995,0.0,0.11565301672430195,-161.43805575302417,0.0,70.69391810034581,0.0,0,0,3.1677418045100865
mild,2024-04-03,1,B4,0.0,0.0,164.49014454080995,0.0,0.11565301672430195,-164.60579755753426,0.0,70.69391810034581,0.0,0,0,0.0
mild,2024-04-03,1,B5,850.0,9.121500000000001,0.8541666666666667,0.0,0.0,0.04815525114155328,0.0,,0.0,0,0,0.04815525114155328
mild,2024-04-03,1,B6,400.0,15.671999999999999,7.5,0.0,0.0,8.171999999999999,0.0,,0.0,0,0,8.171999999999999
mild,2024-04-03,2,B1,0.0,0.0,170.04060212604642,0.0,0.6086051489114155,-170.64920727495783,0.0,72.1732359817009,0.0,0,0,0.0
mild,2024-04-03,2,B2,339.4382247846194,13.988557823578518,164.14208617846631,1.2866313521009267,22.333647702058954,-173.77380740904766,11.968852938336763,90.94393966789181,5.9439396678918115,1,2,-3.1246001340898317
mild,2024-04-03,2,B3,83.63074895868137,3.1677418045100945,166.51595307366335,0.026172832930265375,4.635239205082604,-168.00962330716612,0.2576066233293836,76.53470290203435,0.0,0,2,2.639583967791708
mild,2024-04-03,2,B4,0.0,0.0,170.04060212604642,0.0,0.6086051489114155,-170.64920727495783,0.0,72.1732359817009,0.0,0,0,0.0
mild,2024-04-03,2,B5,850.0,9.121500000000001,5.314027777777778,0.0,0.0,-4.411705859969558,0.0,,0.0,0,0,-4.411705859969558
mild,2024-04-03,2,B6,400.0,15.671999999999999,15.0,0.0,0.0,0.6719999999999988,0.0,,0.0,0,0,0.6719999999999988
mild,2024-04-04,0,B1,0.0,0.0,164.7196621902648,0.0,0.0,-164.7196621902648,0.0,69.27276144859184,0.0,0,0,0.0
mild,2024-04-04,0,B2,92.5740613048962,1.851481226097924,164.7196621902648,0.0,0.0,-162.8681809641669,0.0,69.27276144859184,0.0,0,0,1.851481226097917
mild,2024-04-04,0,B3,23.295890165215333,0.46591780330430665,164.7196621902648,0.0,0.0,-164.2537443869605,0.0,69.27276144859184,0.0,0,0,0.46591780330430765
mild,2024-04-04,0,B4,0.0,0.0,164.7196621902648,0.0,0.0,-164.7196621902648,0.0,69.27276144859184,0.0,0,0,0.0
mild,2024-04-04,0,B5,750.0,2.283,0.8296527777777778,0.0,0.0,-6.76583085996956,0.0,,0.0,0,0,-6.76583085996956
mild,2024-04-04,0,B6,100.0,2.0,0.0,0.0,0.0,2.0,0.0,,0.0,0,0,2.0
mild,2024-04-04,1,B1,0.0,0.0,163.17044504530708,0.0,0.11565301672430195,-163.28609806203139,0.0,70.69391810034581,0.0,0,0,0.0
mild,2024-04-04,1,B2,92.5740613048962,1.851481226097924,163.17044504530708,0.0,0.11565301672430195,-161.43461683593347,0.0,70.69391810034581,0.0,0,0,1.851481226097917
mild,2024-04-04,1,B3,23.295890165215333,0.46591780330430665,163.17044504530708,0.0,0.11565301672430195,-162.82018025872708,0.0,70.69391810034581,0.0,0,0,0.46591780330430765
mild,2024-04-04,1,B4,0.0,0.0,163.17044504530708,0.0,0.11565301672430195,-163.28609806203139,0.0,70.69391810034581,0.0,0,0,0.0
mild,2024-04-04,1,B5,750.0,2.283,0.11770833333333335,0.0,0.0,-6.053886415525115,0.0,,0.0,0,0,-6.053886415525115
mild,2024-04-04,1,B6,100.0,2.0,0.0,0.0,0.0,2.0,0.0,,0.0,0,0,2.0
mild,2024-04-04,2,B1,0.0,0.0,168.1114766121822,0.0,0.6086051489114155,-168.7200817610936,0.0,72.1732359817009,0.0,0,0,0.0
mild,2024-04-04,2,B2,92.5740613048962,1.851481226097924,168.1114766121822,0.0,0.6086051489114155,-166.8686005349957,0.0,72.1732359817009,0.0,0,0,1.851481226097917
mild,2024-04-04,2,B3,23.295890165215333,0.46591780330430665,168.1114766121822,0.0,0.6086051489114155,-168.2541639577893,0.0,72.1732359817009,0.0,0,0,0.46591780330430765
mild,2024-04-04,2,B4,0.0,0.0,168.1114766121822,0.0,0.6086051489114155,-168.7200817610936,0.0,72.1732359817009,0.0,0,0,0.0
mild,2024-04-04,2,B5,750.0,2.283,0.5916666666666667,0.0,0.0,-6.527844748858449,0.0,,0.0,0,0,-6.527844748858449
mild,2024-04-04,2,B6,100.0,2.0,0.0,0.0,0.0,2.0,0.0,,0.0,0,0,2.0
mild,2024-04-05,0,B1,0.0,0.0,107.00318204186738,0.0,0.0,-107.00318204186738,0.0,69.27276144859184,0.0,0,0,0.0
mild,2024-04-05,0,B2,0.0,0.0,107.00318204186738,0.0,0.0,-107.00318204186738,0.0,69.27276144859184,0.0,0,0,0.0
mild,2024-04-05,0,B3,0.0,0.0,107.00318204186738,0.0,0.0,-107.00318204186738,0.0,69.27276144859184,0.0,0,0,0.0
mild,2024-04-05,0,B4,0.0,0.0,107.00318204186738,0.0,0.0,-107.00318204186738,0.0,69.27276144859184,0.0,0,0,0.0
mild,2024-04-05,0,B5,650.0,1.0425,0.0,0.0,0.0,-7.176678082191781,0.0,,0.0,0,0,-7.176678082191781
mild,2024-04-05,0,B6,0.0,0.0,0.0,0.0,0.0,0.0,0.0,,0.0,0,0,0.0
mild,2024-04-05,1,B1,0.0,0.0,105.43949262788252,0.0,0.11565301672430195,-105.55514564460682,0.0,70.69391810034581,0.0,0,0,0.0
mild,2024-04-05,1,B2,0.0,0.0,105.43949262788252,0.0,0.11565301672430195,-105.55514564460682,0.0,70.69391810034581,0.0,0,0,0.0
mild,2024-04-05,1,B3,0.0,0.0,105.43949262788252,0.0,0.11565301672430195,-105.55514564460682,0.0,70.69391810034581,0.0,0,0,0.0
mild,2024-04-05,1,B4,0.0,0.0,105.43949262788252,0.0,0.11565301672430195,-105.55514564460682,0.0,70.69391810034581,0.0,0,0,0.0
mild,2024-04-05,1,B5,650.0,1.0425,0.6645833333333332,0.0,0.0,-7.841261415525115,0.0,,0.0,0,0,-7.841261415525115
mild,2024-04-05,1,B6,0.0,0.0,0.0,0.0,0.0,0.0,0.0,,0.0,0,0,0.0
mild,2024-04-05,2,B1,0.0,0.0,107.69098909355833,0.0,0.6086051489114155,-108.29959424246974,0.0,72.1732359817009,0.0,0,0,0.0
mild,2024-04-05,2,B2,0.0,0.0,107.69098909355833,0.0,0.6086051489114155,-108.29959424246974,0.0,72.1732359817009,0.0,0,0,0.0
mild,2024-04-05,2,B3,0.0,0.0,107.69098909355833,0.0,0.6086051489114155,-108.29959424246974,0.0,72.1732359817009,0.0,0,0,0.0
mild,2024-04-05,2,B4,0.0,0.0,107.69098909355833,0.0,0.6086051489114155,-108.29959424246974,0.0,72.1732359817009,0.0,0,0,0.0
mild,2024-04-05,2,B5,650.0,1.0425,0.5516666666666666,0.0,0.0,-7.728344748858448,0.0,,0.0,0,0,-7.728344748858448
mild,2024-04-05,2,B6,0.0,0.0,0.0,0.0,0.0,0.0,0.0,,0.0,0,0,0.0
mild,2024-04-06,0,B1,0.0,0.0,80.811352967956,0.0,0.0,-80.811352967956,0.0,69.36297300532107,0.0,0,0,0.0
mild,2024-04-06,0,B2,0.0,0.0,80.811352967956,0.0,0.0,-80.811352967956,0.0,69.36297300532107,0.0,0,0,0.0
mild,2024-04-06,0,B3,0.0,0.0,80.811352967956,0.0,0.0,-80.811352967956,0.0,69.36297300532107,0.0,0,0,0.0
mild,2024-04-06,0,B4,0.0,0.0,80.811352967956,0.0,0.0,-80.811352967956,0.0,69.36297300532107,0.0,0,0,0.0
mild,2024-04-06,0,B5,950.0,2.0135,1.5725,0.0,0.0,-7.778178082191782,0.0,,0.0,0,0,-7.778178082191782
mild,2024-04-06,0,B6,0.0,0.0,0.0,0.0,0.0,0.0,0.0,,0.0,0,0,0.0
mild,2024-04-06,1,B1,0.0,0.0,81.0577104268102,0.0,0.15125159573576732,-81.20896202254598,0.0,70.9075095744146,0.0,0,0,0.0
mild,2024-04-06,1,B2,0.0,0.0,81.0577104268102,0.0,0.15125159573576732,-81.20896202254598,0.0,70.9075095744146,0.0,0,0,0.0
mild,2024-04-06,1,B3,0.0,0.0,81.0577104268102,0.0,0.15125159573576732,-81.20896202254598,0.0,70.9075095744146,0.0,0,0,0.0
mild,2024-04-06,1,B4,0.0,0.0,81.0577104268102,0.0,0.15125159573576732,-81.20896202254598,0.0,70.9075095744146,0.0,0,0,0.0
mild,2024-04-06,1,B5,950.0,2.0135,0.34076388888888887,0.0,0.0,-6.546441971080671,0.0,,0.0,0,0,-6.546441971080671
mild,2024-04-06,1,B6,0.0,0.0,0.0,0.0,0.0,0.0,0.0,,0.0,0,0,0.0
mild,2024-04-06,2,B1,0.0,0.0,82.38963391481835,0.0,1.110262456022016,-83.49989637084036,0.0,72.89695038051448,0.0,0,0,0.0
mild,2024-04-06,2,B2,0.0,0.0,82.38963391481835,0.0,1.110262456022016,-83.49989637084036,0.0,72.89695038051448,0.0,0,0,0.0
mild,2024-04-06,2,B3,0.0,0.0,82.38963391481835,0.0,1.110262456022016,-83.49989637084036,0.0,72.89695038051448,0.0,0,0,0.0
mild,2024-04-06,2,B4,0.0,0.0,82.38963391481835,0.0,1.110262456022016,-83.49989637084036,0.0,72.89695038051448,0.0,0,0,0.0
mild,2024-04-06,2,B5,950.0,2.0135,1.1939583333333335,0.0,0.0,-7.399636415525115,0.0,,0.0,0,0,-7.399636415525115
mild,2024-04-06,2,B6,0.0,0.0,0.0,0.0,0.0,0.0,0.0,,0.0,0,0,0.0
mild,2024-04-07,0,B1,0.0,0.0,261.917293424875,0.0,5.065234447336063,-266.9825278722111,0.0,73.36938209790526,0.0,0,0,0.0
mild,2024-04-07,0,B2,154.7277288854907,11.397244509705247,261.917293424875,0.0,5.065234447336063,-255.58528336250583,0.0,73.36938209790526,0.0,0,0,11.397244509705274
mild,2024-04-07,0,B3,0.0,0.0,261.917293424875,0.0,5.065234447336063,-266.9825278722111,0.0,73.36938209790526,0.0,0,0,0.0
mild,2024-04-07,0,B4,0.0,0.0,261.917293424875,0.0,5.065234447336063,-266.9825278722111,0.0,73.36938209790526,0.0,0,0,0.0
mild,2024-04-07,0,B5,500.0,9.5795,1.2247916666666665,0.0,0.0,0.13553025114155126,0.0,,0.0,0,0,0.13553025114155126
mild,2024-04-07,0,B6,300.0,16.665,7.5,0.0,0.0,9.165,0.0,,0.0,0,0,9.165
mild,2024-04-07,1,B1,0.0,0.0,261.76471862698577,0.0,3.054902075758527,-264.8196207027443,0.0,73.99873266934526,0.0,0,0,0.0
mild,2024-04-07,1,B2,154.7277288854907,11.397244509705247,261.76471862698577,0.0,3.054902075758527,-253.42237619303904,0.0,73.99873266934526,0.0,0,0,11.397244509705274
mild,2024-04-07,1,B3,0.0,0.0,261.76471862698577,0.0,3.054902075758527,-264.8196207027443,0.0,73.99873266934526,0.0,0,0,0.0
mild,2024-04-07,1,B4,0.0,0.0,261.76471862698577,0.0,3.054902075758527,-264.8196207027443,0.0,73.99873266934526,0.0,0,0,0.0
mild,2024-04-07,1,B5,500.0,9.5795,0.9745138888888889,0.0,0.0,0.3858080289193282,0.0,,0.0,0,0,0.3858080289193282
mild,2024-04-07,1,B6,300.0,16.665,0.0,0.0,0.0,16.665,0.0,,0.0,0,0,16.665
mild,2024-04-07,2,B1,0.0,0.0,268.51610613885197,0.0,11.533789075781412,-280.04989521463335,0.0,76.23028371384783,0.0,0,0,0.0
mild,2024-04-07,2,B2,154.7277288854907,11.397244509705247,268.51610613885197,0.0,11.533789075781412,-268.6526507049281,0.0,76.23028371384783,0.0,0,0,11.397244509705274
mild,2024-04-07,2,B3,0.0,0.0,268.51610613885197,0.0,11.533789075781412,-280.04989521463335,0.0,76.23028371384783,0.0,0,0,0.0
mild,2024-04-07,2,B4,0.0,0.0,268.51610613885197,0.0,11.533789075781412,-280.04989521463335,0.0,76.23028371384783,0.0,0,0,0.0
mild,2024-04-07,2,B5,500.0,9.5795,0.5479861111111111,0.0,0.0,0.8123358066971065,0.0,,0.0,0,0,0.8123358066971065
mild,2024-04-07,2,B6,300.0,16.665,0.0,0.0,0.0,16.665,0.0,,0.0,0,0,16.665
humid,2023-08-14,0,B1,0.0,0.0,196.00109113689913,0.0,53.22361166067844,-249.22470279757758,0.0,78.52188791168552,0.0,0,0,0.0
humid,2023-08-14,0,B2,637.124004662144,158.14078727394562,196.00109113689913,0.0,53.22361166067844,-91.08391552363196,0.0,78.52188791168552,0.0,0,0,158.14078727394562
humid,2023-08-14,0,B3,86.38612465233676,19.250646989109125,196.00109113689913,0.0,53.22361166067844,-229.97405580846845,0.0,78.52188791168552,0.0,0,0,19.25064698910913
humid,2023-08-14,0,B4,0.0,0.0,196.00109113689913,0.0,53.22361166067844,-249.22470279757758,0.0,78.52188791168552,0.0,0,0,0.0
humid,2023-08-14,0,B5,750.0,116.7555,0.5445138888888889,0.0,0.0,107.99180802891934,0.0,,0.0,0,0,107.99180802891934
humid,2023-08-14,0,B6,1000.0,230.69500000000002,0.0,0.0,0.0,230.69500000000002,0.0,,0.0,0,0,230.69500000000002
humid,2023-08-14,1,B1,0.0,0.0,196.49426501730366,0.0,54.64957892571583,-251.14384394301948,0.0,80.10984378045637,0.0,0,0,0.0
humid,2023-08-14,1,B2,637.124004662144,158.14078727394562,194.6793521900468,0.5217394668746701,76.61833746042979,-113.67864184340564,5.259470432204335,84.78202329410453,0.0,1,1,137.46520209961383
humid,2023-08-14,1,B3,86.38612465233676,19.250646989109125,196.49426501730366,0.0,54.64957892571583,-231.89319695391038,0.0,80.10984378045637,0.0,0,0,19.2506469891091
humid,2023-08-14,1,B4,0.0,0.0,196.49426501730366,0.0,54.64957892571583,-251.14384394301948,0.0,80.10984378045637,0.0,0,0,0.0
humid,2023-08-14,1,B5,750.0,116.7555,3.1606944444444443,0.0,0.0,105.37562747336378,0.0,,0.0,0,0,105.37562747336378
humid,2023-08-14,1,B6,1000.0,230.69500000000002,15.0,0.0,0.0,215.69500000000002,0.0,,0.0,0,0,215.69500000000002
humid,2023-08-14,2,B1,0.0,0.0,199.71146755807047,0.0,77.27493284401885,-276.9864004020893,0.0,81.78583926940338,0.0,0,0,0.0
humid,2023-08-14,2,B2,637.124004662144,158.14078727394562,199.71146755807047,0.0,77.27493284401885,-118.8456131281437,0.0,81.78583926940338,0.0,0,0,158.14078727394562
humid,2023-08-14,2,B3,86.38612465233676,19.250646989109125,199.71146755807047,0.0,77.27493284401885,-257.7357534129802,0.0,81.78583926940338,0.0,0,0,19.2506469891091
humid,2023-08-14,2,B4,0.0,0.0,199.71146755807047,0.0,77.27493284401885,-276.9864004020893,0.0,81.78583926940338,0.0,0,0,0.0
humid,2023-08-14,2,B5,750.0,116.7555,0.0,0.0,0.0,108.53632191780821,0.0,,0.0,0,0,108.53632191780821
humid,2023-08-14,2,B6,1000.0,230.69500000000002,0.0,0.0,0.0,230.69500000000002,0.0,,0.0,0,0,230.69500000000002
humid,2023-08-15,0,B1,0.0,0.0,384.8051101670441,0.0,38.777832014576575,-423.5829421816207,0.0,78.15033571056236,0.0,0,0,0.0
humid,2023-08-15,0,B2,730.0752167519062,1006.1687109437041,380.0887033018291,5.601330854914659,50.3526831428352,570.1259936441252,1.851116637225921,83.51585887785843,0.0,1,1,993.7089358257458
humid,2023-08-15,0,B3,88.682669294882,95.21372793373058,384.8051101670441,0.0,38.777832014576575,-328.3692142478901,0.0,78.15033571056236,0.0,0,0,95.21372793373058
humid,2023-08-15,0,B4,0.0,0.0,384.8051101670441,0.0,38.777832014576575,-423.5829421816207,0.0,78.15033571056236,0.0,0,0,0.0
humid,2023-08-15,0,B5,750.0,605.7165,1.581875,0.0,0.0,595.9154469178083,0.0,,0.0,0,0,595.9154469178083
humid,2023-08-15,0,B6,1100.0,1209.021,7.5,0.0,0.0,1201.521,0.0,,0.0,0,0,1201.521
humid,2023-08-15,1,B1,0.0,0.0,383.1404981414232,0.0,37.89713018625344,-421.03762832767666,0.0,80.10984378045637,0.0,0,0,0.0
humid,2023-08-15,1,B2,730.0752167519062,1006.1687109437041,383.1404981414232,0.0,37.89713018625344,585.1310826160275,0.0,80.10984378045637,0.0,0,0,1006.1687109437041
humid,2023-08-15,1,B3,88.682669294882,95.21372793373058,383.1404981414232,0.0,37.89713018625344,-325.8239003939461,0.0,80.10984378045637,0.0,0,0,95.21372793373058
humid,2023-08-15,1,B4,0.0,0.0,383.1404981414232,0.0,37.89713018625344,-421.03762832767666,0.0,80.10984378045637,0.0,0,0,0.0
humid,2023-08-15,1,B5,750.0,605.7165,0.0,0.0,0.0,597.4973219178082,0.0,,0.0,0,0,597.4973219178082
humid,2023-08-15,1,B6,1100.0,1209.021,0.0,0.0,0.0,1209.021,0.0,,0.0,0,0,1209.021
humid,2023-08-15,2,B1,0.0,0.0,393.9225207162181,0.0,44.580589528528435,-438.50311024474655,0.0,81.78583926940338,0.0,0,0,0.0
humid,2023-08-15,2,B2,730.0752167519062,1006.1687109437041,377.9801330700293,49.27342161326483,67.3570931830489,511.55806307736106,9.908595649901326,89.4483100580749,4.448310058074895,1,2,950.0611733221076
humid,2023-08-15,2,B3,88.682669294882,95.21372793373058,393.9225207162181,0.0,44.580589528528435,-343.28938231101597,0.0,81.78583926940338,0.0,0,0,95.21372793373058
humid,2023-08-15,2,B4,0.0,0.0,393.9225207162181,0.0,44.580589528528435,-438.50311024474655,0.0,81.78583926940338,0.0,0,0,0.0
humid,2023-08-15,2,B5,750.0,605.7165,5.134027777777778,0.0,0.0,592.3632941400305,0.0,,0.0,0,0,592.3632941400305
humid,2023-08-15,2,B6,1100.0,1209.021,15.0,0.0,0.0,1194.021,0.0,,0.0,0,0,1194.021
humid,2023-08-16,0,B1,0.0,0.0,243.69280085814478,0.0,0.330779831320387,-244.02358068946518,0.0,71.58519522754328,0.0,0,0,0.0
humid,2023-08-16,0,B2,853.6078107674022,494.216715493702,240.1108761704313,0.03614564888732036,14.382490868859641,239.68720280552373,0.4518206110915045,86.11359631067174,1.1135963106717384,1,2,483.7107834949889
humid,2023-08-16,0,B3,262.4278752548908,112.92895884046239,242.27266629526133,0.0,3.5004023253030896,-132.84410978010206,0.0,77.24822033862763,0.0,1,2,111.17947090936312
humid,2023-08-16,0,B4,74.48638357724985,3.6804627949277706,243.3436527551932,0.013464687639527519,0.7812588663799312,-240.4579135142849,0.168308595494094,72.70287421035727,0.0,0,1,3.565667175180266
humid,2023-08-16,0,B5,850.0,271.467,3.0330555555555554,0.0,0.0,260.21476636225265,0.0,,0.0,0,0,260.21476636225265
humid,2023-08-16,0,B6,1000.0,540.8969999999999,15.0,0.0,0.0,525.8969999999999,0.0,,0.0,0,0,525.8969999999999
humid,2023-08-16,1,B1,0.0,0.0,241.4971405764285,0.0,0.12598381483123924,-241.62312439125975,0.0,70.69391810034581,0.0,0,0,0.0
humid,2023-08-16,1,B2,853.6078107674022,494.216715493702,238.87704774668072,0.01949275577841401,22.52533378106138,232.7948412101815,0.24365944723017513,93.74430251385365,8.744302513853654,1,0,474.4179656014412
humid,2023-08-16,1,B3,262.4278752548908,112.92895884046239,240.82845339542325,0.09406898232467174,3.198355922485518,-131.19191945977104,1.1758622790583968,77.84816228493276,0.0,0,0,110.43120493148871
humid,2023-08-16,1,B4,74.48638357724985,3.6804627949277706,240.9765105790168,0.0,2.886487276519678,-240.18253506060873,0.0,77.23101139180062,0.0,0,0,1.4405893306510222
humid,2023-08-16,1,B5,850.0,271.467,2.413194444444444,0.0,0.0,260.83462747336375,0.0,,0.0,0,0,260.83462747336375
humid,2023-08-16,1,B6,1000.0,540.8969999999999,15.0,0.0,0.0,525.8969999999999,0.0,,0.0,0,0,525.8969999999999
humid,2023-08-16,2,B1,0.0,0.0,247.72612154426392,0.0,1.7712144434502004,-249.4973359877141,0.0,72.1732359817009,0.0,0,0,0.0
humid,2023-08-16,2,B2,853.6078107674022,494.216715493702,240.5298934133589,3.3685769456596617,19.45509833707077,230.86314679761264,3.571434420758759,85.9360653290268,0.9360653290268033,1,2,480.3604827853268
humid,2023-08-16,2,B3,262.4278752548908,112.92895884046239,244.48735306539854,0.0,6.252066078792275,-137.8104603037284,0.0,76.10053514393168,0.0,1,2,111.6868756839857
humid,2023-08-16,2,B4,74.48638357724985,3.6804627949277706,247.72612154426392,0.0,1.7712144434502004,-245.81687319278635,0.0,72.1732359817009,0.0,0,0,3.680462794927763
humid,2023-08-16,2,B5,850.0,271.467,5.607152777777777,0.0,0.0,257.6406691400304,0.0,,0.0,0,0,257.6406691400304
humid,2023-08-16,2,B6,1000.0,540.8969999999999,15.0,0.0,0.0,525.8969999999999,0.0,,0.0,0,0,525.8969999999999
humid,2023-08-17,0,B1,0.0,0.0,6095.210733615982,0.0,18.72661069237183,-6113.937344308353,0.0,75.2996656894633,0.0,0,0,0.0
humid,2023-08-17,0,B2,706.8374123901677,1062.6207422915606,5826.493507129707,0.22239787743258377,44.471524434939,-4808.566687150518,0.4430236602242705,86.11359631067172,1.1135963106717242,1,3,1305.370657157835
humid,2023-08-17,0,B3,156.79920440422293,211.68620603772834,6090.542170514573,0.0,19.612923254764645,-5898.468887731609,0.0,75.74754896493127,0.0,0,1,215.46845657674385
humid,2023-08-17,0,B4,0.0,0.0,6095.210733615982,0.0,18.72661069237183,-6113.937344308353,0.0,75.2996656894633,0.0,0,0,0.0
humid,2023-08-17,0,B5,1050.0,679.4085000000001,160.44048611111114,0.0,0.0,510.74883580669723,0.0,,0.0,0,0,510.74883580669723
humid,2023-08-17,0,B6,1000.0,1358.737,30.0,0.0,0.0,1328.737,0.0,,0.0,0,0,1328.737
humid,2023-08-17,1,B1,0.0,0.0,6122.772083071602,0.0,17.942045702035802,-6140.714128773638,0.0,76.77651044712306,0.0,0,0,0.0
humid,2023-08-17,1,B2,706.8374123901677,1062.6207422915606,6000.518027518284,0.0,28.04384792063425,-4965.9411331473575,0.0,84.73665914192077,0.0,0,0,1174.7729956262801
humid,2023-08-17,1,B3,156.79920440422293,211.68620603772834,6122.772083071602,0.0,17.942045702035802,-5929.02792273591,0.0,76.77651044712306,0.0,0,0,211.68620603772797
humid,2023-08-17,1,B4,0.0,0.0,6122.772083071602,0.0,17.942045702035802,-6140.714128773638,0.0,76.77651044712306,0.0,0,0,0.0
humid,2023-08-17,1,B5,1050.0,679.4085000000001,2.920833333333333,0.0,0.0,668.268488584475,0.0,,0.0,0,0,668.268488584475
humid,2023-08-17,1,B6,1000.0,1358.737,7.5,0.0,0.0,1351.237,0.0,,0.0,0,0,1351.237
humid,2023-08-17,2,B1,0.0,0.0,6255.018311222349,0.0,34.121950662466595,-6289.140261884816,0.0,79.0080614916256,0.0,0,0,0.0
humid,2023-08-17,2,B2,706.8374123901677,1062.6207422915606,6082.615330480737,2.8714952027840277,50.26073286874287,-5073.126816260703,0.5424014935255548,84.78366255488565,0.0,1,1,1216.013445624113
humid,2023-08-17,2,B3,156.79920440422293,211.68620603772834,6214.8879338473835,0.0,35.90910148398713,-6039.110829293642,0.0,79.0080614916256,0.0,0,1,250.02943259117365
humid,2023-08-17,2,B4,0.0,0.0,6255.018311222349,0.0,34.121950662466595,-6289.140261884816,0.0,79.0080614916256,0.0,0,0,0.0
humid,2023-08-17,2,B5,1050.0,679.4085000000001,200.1321527777778,0.0,0.0,471.0571691400305,0.0,,0.0,0,0,471.0571691400305
humid,2023-08-17,2,B6,1000.0,1358.737,15.0,0.0,0.0,1343.737,0.0,,0.0,0,0,1343.737
humid,2023-08-18,0,B1,0.0,0.0,332.7689682464963,0.0,37.92734877791192,-370.6963170244082,0.0,78.0774434672411,0.0,0,0,0.0
humid,2023-08-18,0,B2,770.2066130475332,380.3490526996955,328.55975238401015,7.302325673308876,51.118997083841165,-6.6320224414646916,8.077793886403624,88.4628327794615,3.4628327794614933,1,1,364.0642945829435
humid,2023-08-18,0,B3,97.86884786506305,73.30020951989593,332.7689682464963,0.0,37.92734877791192,-297.39610750451226,0.0,78.0774434672411,0.0,0,0,73.30020951989593
humid,2023-08-18,0,B4,0.0,0.0,332.7689682464963,0.0,37.92734877791192,-370.6963170244082,0.0,78.0774434672411,0.0,0,0,0.0
humid,2023-08-18,0,B5,750.0,237.3785,4.264236111111111,0.0,0.0,224.89508580669713,0.0,,0.0,0,0,224.89508580669713
humid,2023-08-18,0,B6,1000.0,472.425,7.5,0.0,0.0,464.925,0.0,,0.0,0,0,464.925
humid,2023-08-18,1,B1,0.0,0.0,331.94844312280065,0.0,39.620124581706435,-371.5685677045071,0.0,78.4431771137897,0.0,0,0,0.0
humid,2023-08-18,1,B2,770.2066130475332,380.3490526996955,331.94844312280065,0.0,39.620124581706435,8.780484995188417,0.0,78.4431771137897,0.0,0,0,380.3490526996955
humid,2023-08-18,1,B3,97.86884786506305,73.30020951989593,331.94844312280065,0.0,39.620124581706435,-298.26835818461115,0.0,78.4431771137897,0.0,0,0,73.30020951989593
humid,2023-08-18,1,B4,0.0,0.0,331.94844312280065,0.0,39.620124581706435,-371.5685677045071,0.0,78.4431771137897,0.0,0,0,0.0
humid,2023-08-18,1,B5,750.0,237.3785,0.0,0.0,0.0,229.15932191780823,0.0,,0.0,0,0,229.15932191780823
humid,2023-08-18,1,B6,1000.0,472.425,0.0,0.0,0.0,472.425,0.0,,0.0,0,0,472.425
humid,2023-08-18,2,B1,0.0,0.0,338.6325775293935,0.0,59.6890796410531,-398.32165717044654,0.0,81.78583926940338,0.0,0,0,0.0
humid,2023-08-18,2,B2,770.2066130475332,380.3490526996955,332.10745746504125,8.551540115793777,87.22133154150092,-47.53127642264044,12.239015009085122,90.96738453166094,5.96738453166094,2,2,350.7903807478061
humid,2023-08-18,2,B3,97.86884786506305,73.30020951989593,338.6325775293935,0.0,59.6890796410531,-325.0214476505506,0.0,81.78583926940338,0.0,0,0,73.30020951989593
humid,2023-08-18,2,B4,0.0,0.0,338.6325775293935,0.0,59.6890796410531,-398.32165717044654,0.0,81.78583926940338,0.0,0,0,0.0
humid,2023-08-18,2,B5,750.0,237.3785,5.615972222222222,0.0,0.0,223.54334969558602,0.0,,0.0,0,0,223.54334969558602
humid,2023-08-18,2,B6,1000.0,472.425,15.0,0.0,0.0,457.425,0.0,,0.0,0,0,457.425
humid,2023-08-19,0,B1,0.0,0.0,251.78163949994874,0.0,47.21996153030183,-299.0016010302506,0.0,78.0774434672411,0.0,0,0,0.0
humid,2023-08-19,0,B2,585.1104716063145,95.23381224089864,243.71948073206408,1.461708950433182,67.52174469368047,-217.46912213527906,3.3608685515340335,84.8876665843456,0.0,0,1,81.53247889497152
humid,2023-08-19,0,B3,97.86884786506302,12.827739825949237,251.78163949994874,0.0,47.21996153030183,-286.1738612043013,0.0,78.0774434672411,0.0,0,0,12.827739825949266
humid,2023-08-19,0,B4,0.0,0.0,251.78163949994874,0.0,47.21996153030183,-299.0016010302506,0.0,78.0774434672411,0.0,0,0,0.0
humid,2023-08-19,0,B5,650.0,68.4545,4.782708333333334,0.0,0.0,55.45261358447488,0.0,,0.0,0,0,55.45261358447488
humid,2023-08-19,0,B6,1000.0,135.654,15.0,0.0,0.0,120.654,0.0,,0.0,0,0,120.654
humid,2023-08-19,1,B1,0.0,0.0,251.70146745702704,0.0,45.38292895468048,-297.08439641170753,0.0,78.99873266934526,0.0,0,0,0.0
humid,2023-08-19,1,B2,585.1104716063145,95.23381224089864,249.9834336270581,0.7391994454473989,59.16125439536687,-214.65007522697374,4.285711070543826,89.80991334663955,4.809913346639547,1,1,82.43432118473379
humid,2023-08-19,1,B3,97.86884786506302,12.827739825949237,250.79595129697103,0.0,54.316617267514346,-292.28482873853613,0.0,81.13917671695285,0.0,1,1,4.799567673171396
humid,2023-08-19,1,B4,0.0,0.0,251.70146745702704,0.0,45.38292895468048,-297.08439641170753,0.0,78.99873266934526,0.0,0,0,0.0
humid,2023-08-19,1,B5,650.0,68.4545,2.4717361111111114,0.0,0.0,57.7635858066971,0.0,,0.0,0,0,57.7635858066971
humid,2023-08-19,1,B6,1000.0,135.654,7.5,0.0,0.0,128.154,0.0,,0.0,0,0,128.154
humid,2023-08-19,2,B1,0.0,0.0,257.65931545513246,0.0,73.3114916636851,-330.97080711881756,0.0,81.23028371384783,0.0,0,0,0.0
humid,2023-08-19,2,B2,585.1104716063145,95.23381224089864,254.3218887076363,0.8809961091659823,99.65755737262505,-259.6266299485287,3.0918653371446,90.4435865929805,5.443586592980495,1,1,71.34417717028884
humid,2023-08-19,2,B3,97.86884786506302,12.827739825949237,255.78687304967994,0.29849558686770644,85.08498737864579,-328.3426161892442,1.0475734781627937,81.23028371384783,0.0,2,1,2.62819092957335
humid,2023-08-19,2,B4,0.0,0.0,257.65931545513246,0.0,73.3114916636851,-330.97080711881756,0.0,81.23028371384783,0.0,0,0,0.0
humid,2023-08-19,2,B5,650.0,68.4545,2.4277083333333334,0.0,0.0,57.807613584474886,0.0,,0.0,0,0,57.807613584474886
humid,2023-08-19,2,B6,1000.0,135.654,15.0,0.0,0.0,120.654,0.0,,0.0,0,0,120.654
humid,2023-08-20,0,B1,0.0,0.0,753.5109785193715,0.0,47.62908162718164,-801.1400601465532,0.0,78.63299902279664,0.0,0,0,0.0
humid,2023-08-20,0,B2,679.3745551015694,163.38101698696133,753.5109785193715,0.0,47.62908162718164,-637.7590431595919,0.0,78.63299902279664,0.0,0,0,163.3810169869613
humid,2023-08-20,0,B3,104.75848179269882,16.250453288599857,753.5109785193715,0.0,47.62908162718164,-784.8896068579534,0.0,78.63299902279664,0.0,0,0,16.25045328859983
humid,2023-08-20,0,B4,0.0,0.0,753.5109785193715,0.0,47.62908162718164,-801.1400601465532,0.0,78.63299902279664,0.0,0,0,0.0
humid,2023-08-20,0,B5,750.0,112.15499999999999,0.9575694444444444,0.0,0.0,102.97825247336377,0.0,,0.0,0,0,102.97825247336377
humid,2023-08-20,0,B6,1100.0,223.119,7.5,0.0,0.0,215.619,0.0,,0.0,0,0,215.619
humid,2023-08-20,1,B1,0.0,0.0,751.07189974651,0.0,51.50522411612375,-802.5771238626337,0.0,80.10984378045637,0.0,0,0,0.0
humid,2023-08-20,1,B2,679.3745551015694,163.38101698696133,744.1216477220585,2.688181418805421,66.52786788447398,-649.9566800383766,5.410775368957412,83.61905615547467,0.0,0,2,152.6204438242571
humid,2023-08-20,1,B3,104.75848179269882,16.250453288599857,747.8221354732657,0.0,56.804755099527156,-788.376437284193,0.0,80.10984378045637,0.0,1,2,14.200686578440695
humid,2023-08-20,1,B4,0.0,0.0,751.07189974651,0.0,51.50522411612375,-802.5771238626337,0.0,80.10984378045637,0.0,0,0,0.0
humid,2023-08-20,1,B5,750.0,112.15499999999999,10.932638888888889,0.0,0.0,93.00318302891932,0.0,,0.0,0,0,93.00318302891932
humid,2023-08-20,1,B6,1100.0,223.119,15.0,0.0,0.0,208.119,0.0,,0.0,0,0,208.119
humid,2023-08-20,2,B1,0.0,0.0,773.6289613863786,0.0,72.32533789305234,-845.9542992794309,0.0,81.78583926940338,0.0,0,0,0.0
humid,2023-08-20,2,B2,679.3745551015694,163.38101698696133,771.8341819037302,1.3855738203926682,83.61535797579978,-693.4540967129612,3.5714347365518826,85.75870261700865,0.7587026170086517,1,1,152.50020256646962
humid,2023-08-20,2,B3,104.75848179269882,16.250453288599857,773.6289613863786,0.0,72.32533789305234,-829.703845990831,0.0,81.78583926940338,0.0,0,0,16.25045328859983
humid,2023-08-20,2,B4,0.0,0.0,773.6289613863786,0.0,72.32533789305234,-845.9542992794309,0.0,81.78583926940338,0.0,0,0,0.0
humid,2023-08-20,2,B5,750.0,112.15499999999999,2.9884027777777775,0.0,0.0,100.94741914003043,0.0,,0.0,0,0,100.94741914003043
humid,2023-08-20,2,B6,1100.0,223.119,15.0,0.0,0.0,208.119,0.0,,0.0,0,0,208.119
scarcity,2024-01-14,0,B1,0.0,0.0,421.33475771639905,0.0,0.0,-421.33475771639905,0.0,69.27276144859184,0.0,0,0,0.0
scarcity,2024-01-14,0,B2,185.14812260979238,2.522951750762771,421.33475771639905,0.0,0.0,-418.81180596563627,0.0,69.27276144859184,0.0,0,0,2.522951750762786
scarcity,2024-01-14,0,B3,61.38953898662884,0.8241019356007122,421.33475771639905,0.0,0.0,-420.51065578079834,0.0,69.27276144859184,0.0,0,0,0.8241019356007087
scarcity,2024-01-14,0,B4,45.49836216641571,0.6258683104064281,421.33475771639905,0.0,0.0,-420.70888940599264,0.0,69.27276144859184,0.0,0,0,0.6258683104064175
scarcity,2024-01-14,0,B5,200.0,2.094,0.0,0.0,0.0,-6.125178082191782,0.0,,0.0,0,0,-6.125178082191782
scarcity,2024-01-14,0,B6,300.0,4.088,0.0,0.0,0.0,4.088,0.0,,0.0,0,0,4.088
scarcity,2024-01-14,1,B1,0.0,0.0,421.49760390435273,0.0,0.11565301672430195,-421.61325692107704,0.0,70.69391810034581,0.0,0,0,0.0
scarcity,2024-01-14,1,B2,185.14812260979238,2.522951750762771,421.49760390435273,0.0,0.11565301672430195,-419.09030517031425,0.0,70.69391810034581,0.0,0,0,2.522951750762786
scarcity,2024-01-14,1,B3,61.38953898662884,0.8241019356007122,421.49760390435273,0.0,0.11565301672430195,-420.78915498547633,0.0,70.69391810034581,0.0,0,0,0.8241019356007087
scarcity,2024-01-14,1,B4,45.49836216641571,0.6258683104064281,421.49760390435273,0.0,0.11565301672430195,-420.9873886106706,0.0,70.69391810034581,0.0,0,0,0.6258683104064175
scarcity,2024-01-14,1,B5,200.0,2.094,0.0,0.0,0.0,-6.125178082191782,0.0,,0.0,0,0,-6.125178082191782
scarcity,2024-01-14,1,B6,300.0,4.088,0.0,0.0,0.0,4.088,0.0,,0.0,0,0,4.088
scarcity,2024-01-14,2,B1,0.0,0.0,429.7757651052242,0.0,0.6086051489114155,-430.3843702541356,0.0,72.1732359817009,0.0,0,0,0.0
scarcity,2024-01-14,2,B2,185.14812260979238,2.522951750762771,423.059559274103,0.0,6.700649805251736,-427.2372573285919,0.0,79.48308345854399,0.0,0,0,3.147112925543695
scarcity,2024-01-14,2,B3,61.38953898662884,0.8241019356007122,427.8486390926906,0.0,2.923516693760758,-429.9480538508506,0.0,76.10053514393168,0.0,1,1,0.4363164032849909
scarcity,2024-01-14,2,B4,45.49836216641571,0.6258683104064281,429.01501762273995,0.0,0.6086051489114155,-428.99775446124494,0.0,72.1732359817009,0.0,0,0,1.386615792890666
scarcity,2024-01-14,2,B5,200.0,2.094,4.328125,0.0,0.0,-10.453303082191782,0.0,,0.0,0,0,-10.453303082191782
scarcity,2024-01-14,2,B6,300.0,4.088,15.0,0.0,0.0,-10.911999999999999,0.0,,0.0,0,0,-10.911999999999999
scarcity,2024-01-15,0,B1,0.0,0.0,602.8669883149283,0.0,0.0,-602.8669883149283,0.0,69.27276144859184,0.0,0,0,0.0
scarcity,2024-01-15,0,B2,1820.6232056629588,397.66484070376436,573.4583299398646,2.2669059073209334,64.48660469290763,-242.5469998363288,18.156014104751833,91.62420209219952,6.624202092199525,5,5,360.3199884785995
scarcity,2024-01-15,0,B3,573.6549551041919,94.91316430628285,597.5252318515959,0.7343923626744124,11.121472417942556,-514.46793232593,7.343923626744124,80.87605969922839,0.0,2,4,88.39905598899838
scarcity,2024-01-15,0,B4,185.2938520099725,66.94383541137283,599.480554418865,0.5664956069040661,7.3870551925462635,-540.4902698069426,5.664956069040661,77.5467085601727,0.0,1,2,62.37671850798574
scarcity,2024-01-15,0,B5,1200.0,217.10849999999994,21.281805555555554,0.0,0.0,187.6075163622526,0.0,,0.0,0,0,187.6075163622526
scarcity,2024-01-15,0,B6,2100.0,432.1849999999999,60.0,0.0,0.0,372.1849999999999,0.0,,0.0,0,0,372.1849999999999
scarcity,2024-01-15,1,B1,0.0,0.0,606.420611457687,0.0,0.11565301672430195,-606.5362644744113,0.0,70.69391810034581,0.0,0,0,0.0
scarcity,2024-01-15,1,B2,1820.6232056629588,397.66484070376436,594.8007227771079,0.0,23.34141494586513,-220.4772970192087,0.0,86.65871962999947,1.6587196299994673,1,1,386.0589674552026
scarcity,2024-01-15,1,B3,573.6549551041919,94.91316430628285,596.2061495836655,0.0,16.528624397898593,-517.8216096752813,0.0,78.90111520640613,0.0,0,2,88.71465479913002
scarcity,2024-01-15,1,B4,185.2938520099725,66.94383541137283,603.6248699313602,0.0,2.330162730294994,-539.0111972502824,0.0,73.65393695221952,0.0,1,2,67.52506722412886
scarcity,2024-01-15,1,B5,1200.0,217.10849999999994,11.236111111111112,0.0,0.0,197.65321080669705,0.0,,0.0,0,0,197.65321080669705
scarcity,2024-01-15,1,B6,2100.0,432.1849999999999,22.5,0.0,0.0,409.6849999999999,0.0,,0.0,0,0,409.6849999999999
scarcity,2024-01-15,2,B1,0.0,0.0,613.3485404948765,0.0,0.6086051489114155,-613.957145643788,0.0,72.1732359817009,0.0,0,0,0.0
scarcity,2024-01-15,2,B2,1820.6232056629588,397.66484070376436,602.4464744132298,0.3575601960875811,22.67046278427425,-227.80965668982725,3.612448940064468,90.93000623283152,5.930006232831516,1,1,386.1474889539607
scarcity,2024-01-15,2,B3,573.6549551041919,94.91316430628285,611.0781550777103,0.0,2.5803666856278844,-518.7453574570553,0.0,75.12909767549024,0.0,1,1,95.21178818673263
scarcity,2024-01-15,2,B4,185.2938520099725,66.94383541137283,610.956864525758,0.0,0.6086051489114155,-544.6216342632966,0.0,72.1732359817009,0.0,0,1,69.33551138049131
scarcity,2024-01-15,2,B5,1200.0,217.10849999999994,6.1253472222222225,0.0,0.0,202.76397469558594,0.0,,0.0,0,0,202.76397469558594
scarcity,2024-01-15,2,B6,2100.0,432.1849999999999,22.5,0.0,0.0,409.6849999999999,0.0,,0.0,0,0,409.6849999999999
scarcity,2024-01-16,0,B1,0.0,0.0,964.4509149887268,0.0,0.0,-964.4509149887268,0.0,69.27276144859184,0.0,0,0,0.0
scarcity,2024-01-16,0,B2,1974.9133078377859,658.3629633246869,899.3936896140416,8.955406827624532,58.325417446611894,-308.3115505635911,11.027164778178864,90.61767427403262,5.617674274032623,4,3,656.1393644251357
scarcity,2024-01-16,0,B3,578.80691532628,153.62273429757957,959.4067398268186,0.0,4.365049302338278,-810.1490548315774,0.0,78.77378278677814,0.0,0,3,154.30186015714946
scarcity,2024-01-16,0,B4,185.2938520099725,95.96638228473878,963.9873419617728,0.0,0.45047903505954423,-868.4714387120936,0.0,72.70287421035727,0.0,0,1,95.97947627663325
scarcity,2024-01-16,0,B5,1200.0,357.6555000000001,24.461736111111108,0.0,0.0,324.9745858066972,0.0,,0.0,0,0,324.9745858066972
scarcity,2024-01-16,0,B6,2200.0,713.3410000000001,45.0,0.0,0.0,668.3410000000001,0.0,,0.0,0,0,668.3410000000001
scarcity,2024-01-16,1,B1,0.0,0.0,967.4573472924577,0.0,0.11565301672430195,-967.573000309182,0.0,70.69391810034581,0.0,0,0,0.0
scarcity,2024-01-16,1,B2,1974.9133078377859,658.3629633246869,959.4584015995649,0.636175491576529,13.983943121519822,-315.71555688797434,2.4281507312081256,84.66754166797739,0.0,1,0,651.8574434212077
scarcity,2024-01-16,1,B3,578.80691532628,153.62273429757957,966.6255588484017,0.0,2.874628372864523,-815.8774529236867,0.0,76.97913507649648,0.0,0,0,151.69554738549527
scarcity,2024-01-16,1,B4,185.2938520099725,95.96638228473878,966.7427432601248,0.0,2.732665904465106,-873.5090268798511,0.0,77.18606680711741,0.0,0,0,94.06397342933087
scarcity,2024-01-16,1,B5,1200.0,357.6555000000001,3.0486805555555554,0.0,0.0,346.38764136225274,0.0,,0.0,0,0,346.38764136225274
scarcity,2024-01-16,1,B6,2200.0,713.3410000000001,15.0,0.0,0.0,698.3410000000001,0.0,,0.0,0,0,698.3410000000001
scarcity,2024-01-16,2,B1,0.0,0.0,982.6067911609535,0.0,0.6086051489114155,-983.215396309865,0.0,72.1732359817009,0.0,0,0,0.0
scarcity,2024-01-16,2,B2,1974.9133078377859,658.3629633246869,939.5453365281494,6.0741264638119326,63.44105436281702,-350.6975540300914,25.56420225292215,91.33353066966706,6.333530669667056,5,5,632.5178422797736
scarcity,2024-01-16,2,B3,578.80691532628,153.62273429757957,966.4640559793708,0.6575696964735922,12.640326357088517,-826.1392177353533,2.4384643069320027,77.87866548367862,0.0,2,4,157.0761785745117
scarcity,2024-01-16,2,B4,185.2938520099725,95.96638228473878,978.1566925917288,0.0,1.0032460189819001,-883.1935563259719,0.0,72.1732359817009,0.0,0,1,100.02183998389307
scarcity,2024-01-16,2,B5,1200.0,357.6555000000001,32.96125,0.0,0.0,316.4750719178083,0.0,,0.0,0,0,316.4750719178083
scarcity,2024-01-16,2,B6,2200.0,713.3410000000001,45.0,0.0,0.0,668.3410000000001,0.0,,0.0,0,0,668.3410000000001
scarcity,2024-01-17,0,B1,0.0,0.0,205.03612846878815,0.0,0.0,-205.03612846878815,0.0,69.27276144859184,0.0,0,0,0.0
scarcity,2024-01-17,0,B2,802.3085313091004,62.76027628145003,202.1712795010895,0.9681122325614931,9.377577197792146,-149.75669264999306,2.879915018329049,87.55404536206734,2.554045362067342,1,1,55.27943581879509
scarcity,2024-01-17,0,B3,219.83210069416907,16.91334325077438,203.74445937231675,0.0,3.2511912173243025,-190.08230733886668,0.0,78.77378278677814,0.0,0,1,14.953821129921465
scarcity,2024-01-17,0,B4,90.7040295367492,8.114796127063835,205.03612846878815,0.0,0.0,-196.9213323417243,0.0,69.27276144859184,0.0,0,0,8.11479612706384
scarcity,2024-01-17,0,B5,850.0,36.605499999999985,2.2220833333333334,0.0,0.0,26.164238584474873,0.0,,0.0,0,0,26.164238584474873
scarcity,2024-01-17,0,B6,1000.0,70.331,7.5,0.0,0.0,62.831,0.0,,0.0,0,0,62.831
scarcity,2024-01-17,1,B1,0.0,0.0,205.43865063667738,0.0,0.11565301672430195,-205.5543036534017,0.0,70.69391810034581,0.0,0,0,0.0
scarcity,2024-01-17,1,B2,802.3085313091004,62.76027628145003,202.73913378370378,1.3946761725814363,9.219915539850954,-150.5934492146861,3.701959368746181,84.19397895979161,0.0,1,0,54.960854438715586
scarcity,2024-01-17,1,B3,219.83210069416907,16.91334325077438,204.09611591213766,0.0,3.5114160229489664,-190.69418868431225,0.0,75.01552508067962,0.0,0,0,14.860114969089437
scarcity,2024-01-17,1,B4,90.7040295367492,8.114796127063835,204.29514831412334,0.0,2.503010830640508,-198.6833630177,0.0,74.04017777364218,0.0,0,0,6.870940635701686
scarcity,2024-01-17,1,B5,850.0,36.605499999999985,2.9370833333333337,0.0,0.0,25.44923858447487,0.0,,0.0,0,0,25.44923858447487
scarcity,2024-01-17,1,B6,1000.0,70.331,7.5,0.0,0.0,62.831,0.0,,0.0,0,0,62.831
scarcity,2024-01-17,2,B1,0.0,0.0,208.64166549789235,0.0,0.6086051489114155,-209.25027064680376,0.0,72.1732359817009,0.0,0,0,0.0
scarcity,2024-01-17,2,B2,802.3085313091004,62.76027628145003,207.35395782335354,0.9376268714508493,14.961156100373069,-160.4924645137274,9.91358502274106,91.98329330312075,6.983293303120746,1,1,48.75780613307634
scarcity,2024-01-17,2,B3,219.83210069416907,16.91334325077438,208.13383584219287,0.4705497507839726,5.893362337972826,-197.58440468017528,4.9751506743917595,77.35264280758011,0.0,0,1,11.665865966628473
scarcity,2024-01-17,2,B4,90.7040295367492,8.114796127063835,208.1351451287957,0.4499020032995567,6.538982086714009,-207.00923309174544,4.756840804605168,78.02704987047676,0.0,0,1,2.2410375550583126
scarcity,2024-01-17,2,B5,850.0,36.605499999999985,1.0691666666666666,0.0,0.0,27.317155251141536,0.0,,0.0,0,0,27.317155251141536
scarcity,2024-01-17,2,B6,1000.0,70.331,7.5,0.0,0.0,62.831,0.0,,0.0,0,0,62.831
scarcity,2024-01-18,0,B1,0.0,0.0,117.94923775846128,0.0,0.0,-117.94923775846128,0.0,69.27276144859184,0.0,0,0,0.0
scarcity,2024-01-18,0,B2,0.0,0.0,117.94923775846128,0.0,0.0,-117.94923775846128,0.0,69.27276144859184,0.0,0,0,0.0
scarcity,2024-01-18,0,B3,0.0,0.0,117.94923775846128,0.0,0.0,-117.94923775846128,0.0,69.27276144859184,0.0,0,0,0.0
scarcity,2024-01-18,0,B4,0.0,0.0,117.94923775846128,0.0,0.0,-117.94923775846128,0.0,69.27276144859184,0.0,0,0,0.0
scarcity,2024-01-18,0,B5,750.0,1.737,0.4670138888888889,0.0,0.0,-6.949191971080671,0.0,,0.0,0,0,-6.949191971080671
scarcity,2024-01-18,0,B6,0.0,0.0,0.0,0.0,0.0,0.0,0.0,,0.0,0,0,0.0
scarcity,2024-01-18,1,B1,0.0,0.0,118.30356255311902,0.0,0.11565301672430195,-118.41921556984332,0.0,70.69391810034581,0.0,0,0,0.0
scarcity,2024-01-18,1,B2,0.0,0.0,118.30356255311902,0.0,0.11565301672430195,-118.41921556984332,0.0,70.69391810034581,0.0,0,0,0.0
scarcity,2024-01-18,1,B3,0.0,0.0,118.30356255311902,0.0,0.11565301672430195,-118.41921556984332,0.0,70.69391810034581,0.0,0,0,0.0
scarcity,2024-01-18,1,B4,0.0,0.0,118.30356255311902,0.0,0.11565301672430195,-118.41921556984332,0.0,70.69391810034581,0.0,0,0,0.0
scarcity,2024-01-18,1,B5,750.0,1.737,0.3957638888888889,0.0,0.0,-6.87794197108067,0.0,,0.0,0,0,-6.87794197108067
scarcity,2024-01-18,1,B6,0.0,0.0,0.0,0.0,0.0,0.0,0.0,,0.0,0,0,0.0
scarcity,2024-01-18,2,B1,0.0,0.0,120.11241223293763,0.0,0.6086051489114155,-120.72101738184904,0.0,72.1732359817009,0.0,0,0,0.0
scarcity,2024-01-18,2,B2,0.0,0.0,120.11241223293763,0.0,0.6086051489114155,-120.72101738184904,0.0,72.1732359817009,0.0,0,0,0.0
scarcity,2024-01-18,2,B3,0.0,0.0,120.11241223293763,0.0,0.6086051489114155,-120.72101738184904,0.0,72.1732359817009,0.0,0,0,0.0
scarcity,2024-01-18,2,B4,0.0,0.0,120.11241223293763,0.0,0.6086051489114155,-120.72101738184904,0.0,72.1732359817009,0.0,0,0,0.0
scarcity,2024-01-18,2,B5,750.0,1.737,0.7826388888888889,0.0,0.0,-7.264816971080671,0.0,,0.0,0,0,-7.264816971080671
scarcity,2024-01-18,2,B6,0.0,0.0,0.0,0.0,0.0,0.0,0.0,,0.0,0,0,0.0
scarcity,2024-01-19,0,B1,0.0,0.0,139.63042765872925,0.0,0.0,-139.63042765872925,0.0,69.27276144859184,0.0,0,0,0.0
scarcity,2024-01-19,0,B2,0.0,0.0,139.63042765872925,0.0,0.0,-139.63042765872925,0.0,69.27276144859184,0.0,0,0,0.0
scarcity,2024-01-19,0,B3,0.0,0.0,139.63042765872925,0.0,0.0,-139.63042765872925,0.0,69.27276144859184,0.0,0,0,0.0
scarcity,2024-01-19,0,B4,0.0,0.0,139.63042765872925,0.0,0.0,-139.63042765872925,0.0,69.27276144859184,0.0,0,0,0.0
scarcity,2024-01-19,0,B5,800.0,2.8635000000000006,3.054722222222222,0.0,0.0,-8.410400304414003,0.0,,0.0,0,0,-8.410400304414003
scarcity,2024-01-19,0,B6,100.0,1.153,0.0,0.0,0.0,1.153,0.0,,0.0,0,0,1.153
scarcity,2024-01-19,1,B1,0.0,0.0,140.13152378758699,0.0,0.11565301672430195,-140.2471768043113,0.0,70.69391810034581,0.0,0,0,0.0
scarcity,2024-01-19,1,B2,0.0,0.0,140.13152378758699,0.0,0.11565301672430195,-140.2471768043113,0.0,70.69391810034581,0.0,0,0,0.0
scarcity,2024-01-19,1,B3,0.0,0.0,140.13152378758699,0.0,0.11565301672430195,-140.2471768043113,0.0,70.69391810034581,0.0,0,0,0.0
scarcity,2024-01-19,1,B4,0.0,0.0,140.13152378758699,0.0,0.11565301672430195,-140.2471768043113,0.0,70.69391810034581,0.0,0,0,0.0
scarcity,2024-01-19,1,B5,800.0,2.8635000000000006,1.3797916666666667,0.0,0.0,-6.735469748858447,0.0,,0.0,0,0,-6.735469748858447
scarcity,2024-01-19,1,B6,100.0,1.153,0.0,0.0,0.0,1.153,0.0,,0.0,0,0,1.153
scarcity,2024-01-19,2,B1,0.0,0.0,142.29443131640303,0.0,0.6086051489114155,-142.90303646531444,0.0,72.1732359817009,0.0,0,0,0.0
scarcity,2024-01-19,2,B2,0.0,0.0,142.29443131640303,0.0,0.6086051489114155,-142.90303646531444,0.0,72.1732359817009,0.0,0,0,0.0
scarcity,2024-01-19,2,B3,0.0,0.0,142.29443131640303,0.0,0.6086051489114155,-142.90303646531444,0.0,72.1732359817009,0.0,0,0,0.0
scarcity,2024-01-19,2,B4,0.0,0.0,142.29443131640303,0.0,0.6086051489114155,-142.90303646531444,0.0,72.1732359817009,0.0,0,0,0.0
scarcity,2024-01-19,2,B5,800.0,2.8635000000000006,0.3129166666666666,0.0,0.0,-5.668594748858448,0.0,,0.0,0,0,-5.668594748858448
scarcity,2024-01-19,2,B6,100.0,1.153,0.0,0.0,0.0,1.153,0.0,,0.0,0,0,1.153
scarcity,2024-01-20,0,B1,0.0,0.0,246.735804713677,0.0,0.0,-246.735804713677,0.0,69.27276144859184,0.0,0,0,0.0
scarcity,2024-01-20,0,B2,339.4382247846194,10.849679984933836,246.735804713677,0.0,0.0,-235.88612472874317,0.0,69.27276144859184,0.0,0,0,10.849679984933829
scarcity,2024-01-20,0,B3,82.51205484045873,2.1704089508513684,246.735804713677,0.0,0.0,-244.56539576282563,0.0,69.27276144859184,0.0,0,0,2.1704089508513675
scarcity,2024-01-20,0,B4,66.78400306517543,2.076405260095054,246.735804713677,0.0,0.0,-244.65939945358195,0.0,69.27276144859184,0.0,0,0,2.0764052600950436
scarcity,2024-01-20,0,B5,350.0,6.614999999999999,0.661736111111111,0.0,0.0,-2.2659141933028932,0.0,,0.0,0,0,-2.2659141933028932
scarcity,2024-01-20,0,B6,400.0,12.33,0.0,0.0,0.0,12.33,0.0,,0.0,0,0,12.33
scarcity,2024-01-20,1,B1,0.0,0.0,247.3553782261293,0.0,0.11565301672430195,-247.4710312428536,0.0,70.69391810034581,0.0,0,0,0.0
scarcity,2024-01-20,1,B2,339.4382247846194,10.849679984933836,247.3553782261293,0.0,0.11565301672430195,-236.62135125791977,0.0,70.69391810034581,0.0,0,0,10.849679984933829
scarcity,2024-01-20,1,B3,82.51205484045873,2.1704089508513684,247.3553782261293,0.0,0.11565301672430195,-245.30062229200223,0.0,70.69391810034581,0.0,0,0,2.1704089508513675
scarcity,2024-01-20,1,B4,66.78400306517543,2.076405260095054,247.3553782261293,0.0,0.11565301672430195,-245.39462598275855,0.0,70.69391810034581,0.0,0,0,2.0764052600950436
scarcity,2024-01-20,1,B5,350.0,6.614999999999999,0.0,0.0,0.0,-1.6041780821917824,0.0,,0.0,0,0,-1.6041780821917824
scarcity,2024-01-20,1,B6,400.0,12.33,0.0,0.0,0.0,12.33,0.0,,0.0,0,0,12.33
scarcity,2024-01-20,2,B1,0.0,0.0,250.6333667155769,0.0,0.6086051489114155,-251.2419718644883,0.0,72.1732359817009,0.0,0,0,0.0
scarcity,2024-01-20,2,B2,339.4382247846194,10.849679984933836,248.76140252871377,0.0,7.27534358558692,-245.18706612936685,0.0,84.7192081792673,0.0,0,0,6.0549057351214515
scarcity,2024-01-20,2,B3,82.51205484045873,2.1704089508513684,250.6333667155769,0.0,0.6086051489114155,-249.07156291363694,0.0,72.1732359817009,0.0,0,0,2.1704089508513675
scarcity,2024-01-20,2,B4,66.78400306517543,2.076405260095054,249.9893252483911,0.0,0.6086051489114155,-248.52152513720748,0.0,72.1732359817009,0.0,0,0,2.72044672728083
scarcity,2024-01-20,2,B5,350.0,6.614999999999999,1.2233333333333334,0.0,0.0,-2.827511415525116,0.0,,0.0,0,0,-2.827511415525116
scarcity,2024-01-20,2,B6,400.0,12.33,7.5,0.0,0.0,4.83,0.0,,0.0,0,0,4.83
